Workbook

Sheet Premissas
A1: Instituto Affectus: volume de atendimentos · premissas
A2: Células em azul são entradas e podem ser alteradas; todas as outras abas recalculam. Fonte: apresentação "Instituto Affectus: volume de atendimentos" (23/10/2026).
A4: Premissa | B4: Valor | C4: Observação
A5: Crianças com o pacote completo | B5: 300 | C5: Cenário da apresentação
A6: Sessões de 30 min por visita | B6: 4 | C6: Visita de 2 h, 4 sessões
A7: Minutos por sessão | B7: 30
A8: Dias de atendimento por ano | B8: 245 | C8: Jul/2026 a jun/2027, sem atendimento no São João (24/06/2027)
A9: Dias de atendimento por semana | B9: 5
A10: Meses por ano | B10: 12 | C10: Mês = média (ano ÷ 12)
A11: Médicos (neuropediatra, psiquiatra infantil, pediatra) | B11: 3
A12: Consultas por dia médico | B12: 16
A13: Dias de consulta por médico por mês | B13: 1
A14: Consultas de odontologia por criança por ano | B14: 3 | C14: Estimativa
A15: Dentistas | B15: 2 | C15: 1 dia por semana cada
A16: Consultas por dia de dentista | B16: 13 | C16: Capacidade (consultas de 40 min)
A17: Fração das visitas: xadrez | B17: 0.5 | C17: Xadrez e capoeira alternam a cada visita
A18: Fração das visitas: capoeira | B18: 0.5
A19: Fração das visitas: psicóloga dos pais, individual | B19: 0.25 | C19: 1 sessão de 30 min a cada 2 visitas, metade individual
A20: Fração das visitas: psicóloga dos pais, em grupo | B20: 0.25 | C20: Metade em grupos de 8
A21: Fração das visitas: oficinas | B21: 0.5 | C21: Estimativa; funcionamento ainda em aberto
A23: Visitas de 2 h por dia | B23: =B5/B9 -> 60
A24: Semanas de atendimento por ano | B24: =B8/B9 -> 49

Sheet Terapias
A1: Terapias seriadas
A3: Item | B3: Por dia | C3: Por semana | D3: Por mês | E3: Por ano
A4: Visitas de 2 h | B4: =Premissas!$B$23 -> 60 | C4: =B4*Premissas!$B$9 -> 300 | D4: =E4/Premissas!$B$10 -> 1225 | E4: =B4*Premissas!$B$8 -> 14700
A5: Sessões de 30 min | B5: =B4*Premissas!$B$6 -> 240 | C5: =B5*Premissas!$B$9 -> 1200 | D5: =E5/Premissas!$B$10 -> 4900 | E5: =B5*Premissas!$B$8 -> 58800
A6: Horas de terapia | B6: =B5*Premissas!$B$7/60 -> 120 | C6: =B6*Premissas!$B$9 -> 600 | D6: =E6/Premissas!$B$10 -> 2450 | E6: =B6*Premissas!$B$8 -> 29400
A8: Sessões por especialidade, por dia
A9: Especialidade | B9: Sessões por dia | C9: Vagas por dia | D9: % das vagas | E9: Sessões por ano
A10: Psicologia | B10: 42 | C10: 44 | D10: =B10/C10 -> 0.95454545 | E10: =B10*Premissas!$B$8 -> 10290
A11: Terapia Ocupacional | B11: 39 | C11: 44 | D11: =B11/C11 -> 0.88636364 | E11: =B11*Premissas!$B$8 -> 9555
A12: Fonoaudiologia | B12: 39 | C12: 44 | D12: =B12/C12 -> 0.88636364 | E12: =B12*Premissas!$B$8 -> 9555
A13: Psicomotricidade | B13: 39 | C13: 44 | D13: =B13/C13 -> 0.88636364 | E13: =B13*Premissas!$B$8 -> 9555
A14: Psicopedagogia | B14: 33 | C14: 44 | D14: =B14/C14 -> 0.75 | E14: =B14*Premissas!$B$8 -> 8085
A15: Terapia alimentar | B15: 30 | C15: 44 | D15: =B15/C15 -> 0.68181818 | E15: =B15*Premissas!$B$8 -> 7350
A16: Musicoterapia | B16: 18 | C16: 22 | D16: =B16/C16 -> 0.81818182 | E16: =B16*Premissas!$B$8 -> 4410
A17: Total | B17: =SUM(B10:B16) -> 240 | C17: =SUM(C10:C16) -> 286 | D17: =B17/C17 -> 0.83916084 | E17: =SUM(E10:E16) -> 58800
A18: Conferência: total por especialidade menos sessões do dia (deve ser 0) | B18: =B17-B5 -> 0
A20: Notas: a divisão por especialidade usa pacotes-modelo (a demanda real sai da triagem; o total não muda). Vagas: salas com 2 vagas simultâneas (44 por dia) e Musicoterapia com 1 (22 por dia), deduzidas das porcentagens da apresentação. Semana = 5 dias; mês = ano ÷ 12.

Sheet Outros atendimentos
A1: Consultas, xadrez, capoeira, psicóloga dos pais e oficinas
A3: Atendimento | B3: Por dia | C3: Por semana | D3: Por mês | E3: Por ano
A4: Xadrez: crianças | B4: =Terapias!$B$4*Premissas!$B$17 -> 30 | C4: =B4*Premissas!$B$9 -> 150 | D4: =E4/Premissas!$B$10 -> 612.5 | E4: =B4*Premissas!$B$8 -> 7350
A5: Capoeira: crianças | B5: =Terapias!$B$4*Premissas!$B$18 -> 30 | C5: =B5*Premissas!$B$9 -> 150 | D5: =E5/Premissas!$B$10 -> 612.5 | E5: =B5*Premissas!$B$8 -> 7350
A6: Psicóloga dos pais: individuais | B6: =Terapias!$B$4*Premissas!$B$19 -> 15 | C6: =B6*Premissas!$B$9 -> 75 | D6: =E6/Premissas!$B$10 -> 306.25 | E6: =B6*Premissas!$B$8 -> 3675
A7: Psicóloga dos pais: em grupo | B7: =Terapias!$B$4*Premissas!$B$20 -> 15 | C7: =B7*Premissas!$B$9 -> 75 | D7: =E7/Premissas!$B$10 -> 306.25 | E7: =B7*Premissas!$B$8 -> 3675
A8: Oficinas: pais e mães | B8: =Terapias!$B$4*Premissas!$B$21 -> 30 | C8: =B8*Premissas!$B$9 -> 150 | D8: =E8/Premissas!$B$10 -> 612.5 | E8: =B8*Premissas!$B$8 -> 7350
A10: Consultas (calculadas por ano; o dia é ano ÷ dias de atendimento)
A11: Consultas | B11: Por dia | C11: Por semana | D11: Por mês | E11: Por ano
A12: Atendimento médico | B12: =E12/Premissas!$B$8 -> 2.3510204 | C12: =E12/Premissas!$B$24 -> 11.755102 | D12: =E12/Premissas!$B$10 -> 48 | E12: =Premissas!$B$11*Premissas!$B$13*Premissas!$B$10*Premissas!$B$12 -> 576
A13: Odontologia | B13: =E13/Premissas!$B$8 -> 3.6734694 | C13: =E13/Premissas!$B$24 -> 18.367347 | D13: =E13/Premissas!$B$10 -> 75 | E13: =Premissas!$B$14*Premissas!$B$5 -> 900
A15: Capacidade da odontologia por ano | E15: =Premissas!$B$16*Premissas!$B$15*Premissas!$B$24 -> 1274
A16: Uso da capacidade | E16: =E13/E15 -> 0.70643642
A17: Consultas médicas por criança por ano | E17: =E12/Premissas!$B$5 -> 1.92
A19: Notas: médicos 1 dia por mês cada; a criança vem em um dia extra só para a consulta. Xadrez e capoeira alternam a cada visita. Oficinas e odontologia são estimativas. Mês = ano ÷ 12 (valores arredondados na apresentação).

Sheet Total
A1: Total de atendimentos e participações
A3: Componente | B3: Por dia | C3: Por semana | D3: Por mês | E3: Por ano | F3: % do total
A4: Terapias seriadas | B4: =E4/Premissas!$B$8 -> 240 | C4: =B4*Premissas!$B$9 -> 1200 | D4: =E4/Premissas!$B$10 -> 4900 | E4: =Terapias!E5 -> 58800 | F4: =E4/$E$10 -> 0.65569383
A5: Psicóloga dos pais (individual + grupo) | B5: =E5/Premissas!$B$8 -> 30 | C5: =B5*Premissas!$B$9 -> 150 | D5: =E5/Premissas!$B$10 -> 612.5 | E5: ='Outros atendimentos'!E6+'Outros atendimentos'!E7 -> 7350 | F5: =E5/$E$10 -> 0.081961729
A6: Xadrez | B6: =E6/Premissas!$B$8 -> 30 | C6: =B6*Premissas!$B$9 -> 150 | D6: =E6/Premissas!$B$10 -> 612.5 | E6: ='Outros atendimentos'!E4 -> 7350 | F6: =E6/$E$10 -> 0.081961729
A7: Capoeira | B7: =E7/Premissas!$B$8 -> 30 | C7: =B7*Premissas!$B$9 -> 150 | D7: =E7/Premissas!$B$10 -> 612.5 | E7: ='Outros atendimentos'!E5 -> 7350 | F7: =E7/$E$10 -> 0.081961729
A8: Oficinas | B8: =E8/Premissas!$B$8 -> 30 | C8: =B8*Premissas!$B$9 -> 150 | D8: =E8/Premissas!$B$10 -> 612.5 | E8: ='Outros atendimentos'!E8 -> 7350 | F8: =E8/$E$10 -> 0.081961729
A9: Consultas médicas e odontológicas | B9: =E9/Premissas!$B$8 -> 6.0244898 | C9: =B9*Premissas!$B$9 -> 30.122449 | D9: =E9/Premissas!$B$10 -> 123 | E9: ='Outros atendimentos'!E12+'Outros atendimentos'!E13 -> 1476 | F9: =E9/$E$10 -> 0.016459253
A10: Total | B10: =SUM(B4:B9) -> 366.02449 | C10: =SUM(C4:C9) -> 1830.1224 | D10: =SUM(D4:D9) -> 7473 | E10: =SUM(E4:E9) -> 89676 | F10: =SUM(F4:F9) -> 1
A12: Notas: somam terapias, consultas, participações de crianças no xadrez e na capoeira e de pais na psicóloga e nas oficinas. Semana = dia × 5; mês = ano ÷ 12. Na apresentação: 366 por dia, 1.830 por semana, 7.473 por mês, 89.676 por ano.
