Workbook

Sheet Resumo
A1: Instituto Affectus – volume de atendimentos para validação
A2: Cenário: 300 crianças, 16 sessões de 30 min por mês, 1 visita de 2 h por semana. Semana = 5 dias de atendimento; mês = média de 246 dias ÷ 12; ano = 246 dias.
A4: Atendimento | B4: Por dia | C4: Por semana | D4: Por mês | E4: Por ano | F4: Como foi calculado | G4: Ocupação das vagas
A5: Números-chave
A6: Famílias presentes (visitas) | B6: =E6/Premissas!$B$3 -> 60 | C6: =E6/(Premissas!$B$3/Premissas!$B$4) -> 300 | D6: =E6/Premissas!$B$5 -> 1230 | E6: =Premissas!$B$7*Premissas!$B$3 -> 14760 | F6: 60 visitas por dia: cada criança vem 1 vez por semana
A7: Terapias seriadas (todas as especialidades)
A8: Visitas de 2 h | B8: =E8/Premissas!$B$3 -> 60 | C8: =E8/(Premissas!$B$3/Premissas!$B$4) -> 300 | D8: =E8/Premissas!$B$5 -> 1230 | E8: =Premissas!$B$7*Premissas!$B$3 -> 14760 | F8: 60 visitas por dia
A9: Sessões de 30 min | B9: =E9/Premissas!$B$3 -> 240 | C9: =E9/(Premissas!$B$3/Premissas!$B$4) -> 1200 | D9: =E9/Premissas!$B$5 -> 4920 | E9: =E8*Premissas!$B$8 -> 59040 | F9: 4 sessões por visita; 16 por criança a cada 4 semanas
A10: Horas de terapia | B10: =E10/Premissas!$B$3 -> 120 | C10: =E10/(Premissas!$B$3/Premissas!$B$4) -> 600 | D10: =E10/Premissas!$B$5 -> 2460 | E10: =E9*Premissas!$B$9/60 -> 29520 | F10: Sessões × 30 min
A11: Sessões por especialidade (pacotes-modelo; a composição real depende da triagem)
A12: Psicologia | B12: =E12/Premissas!$B$3 -> 42 | C12: =E12/(Premissas!$B$3/Premissas!$B$4) -> 210 | D12: =E12/Premissas!$B$5 -> 861 | E12: =42*Premissas!$B$3 -> 10332 | F12: 42 sessões por dia na grade; 2 vaga(s) simultânea(s) | G12: =B12/(2*Premissas!$B$10) -> 0.95454545
A13: Terapia Ocupacional | B13: =E13/Premissas!$B$3 -> 39 | C13: =E13/(Premissas!$B$3/Premissas!$B$4) -> 195 | D13: =E13/Premissas!$B$5 -> 799.5 | E13: =39*Premissas!$B$3 -> 9594 | F13: 39 sessões por dia na grade; 2 vaga(s) simultânea(s) | G13: =B13/(2*Premissas!$B$10) -> 0.88636364
A14: Fonoaudiologia | B14: =E14/Premissas!$B$3 -> 39 | C14: =E14/(Premissas!$B$3/Premissas!$B$4) -> 195 | D14: =E14/Premissas!$B$5 -> 799.5 | E14: =39*Premissas!$B$3 -> 9594 | F14: 39 sessões por dia na grade; 2 vaga(s) simultânea(s) | G14: =B14/(2*Premissas!$B$10) -> 0.88636364
A15: Psicopedagogia | B15: =E15/Premissas!$B$3 -> 33 | C15: =E15/(Premissas!$B$3/Premissas!$B$4) -> 165 | D15: =E15/Premissas!$B$5 -> 676.5 | E15: =33*Premissas!$B$3 -> 8118 | F15: 33 sessões por dia na grade; 2 vaga(s) simultânea(s) | G15: =B15/(2*Premissas!$B$10) -> 0.75
A16: Psicomotricidade | B16: =E16/Premissas!$B$3 -> 39 | C16: =E16/(Premissas!$B$3/Premissas!$B$4) -> 195 | D16: =E16/Premissas!$B$5 -> 799.5 | E16: =39*Premissas!$B$3 -> 9594 | F16: 39 sessões por dia na grade; 2 vaga(s) simultânea(s) | G16: =B16/(2*Premissas!$B$10) -> 0.88636364
A17: Musicoterapia | B17: =E17/Premissas!$B$3 -> 18 | C17: =E17/(Premissas!$B$3/Premissas!$B$4) -> 90 | D17: =E17/Premissas!$B$5 -> 369 | E17: =18*Premissas!$B$3 -> 4428 | F17: 18 sessões por dia na grade; 1 vaga(s) simultânea(s) | G17: =B17/(1*Premissas!$B$10) -> 0.81818182
A18: Terapia alimentar | B18: =E18/Premissas!$B$3 -> 30 | C18: =E18/(Premissas!$B$3/Premissas!$B$4) -> 150 | D18: =E18/Premissas!$B$5 -> 615 | E18: =30*Premissas!$B$3 -> 7380 | F18: 30 sessões por dia na grade; 2 vaga(s) simultânea(s) | G18: =B18/(2*Premissas!$B$10) -> 0.68181818
A19: Conferência: soma das especialidades | B19: =E19/Premissas!$B$3 -> 240 | C19: =E19/(Premissas!$B$3/Premissas!$B$4) -> 1200 | D19: =E19/Premissas!$B$5 -> 4920 | E19: =SUM(E12:E18) -> 59040 | F19: Deve ser igual às sessões de 30 min
A20: Demais atendimentos
A21: Consultas médicas (neuropediatra, psiquiatra infantil e pediatra) | B21: =E21/Premissas!$B$3 -> 2.3414634 | C21: =E21/(Premissas!$B$3/Premissas!$B$4) -> 11.707317 | D21: =E21/Premissas!$B$5 -> 48 | E21: =Premissas!$B$11*Premissas!$B$12 -> 576 | F21: 16 consultas por dia médico; 36 dias médicos por ano. 'Por dia' é a média dos 246 dias; em cada dia médico são 16.
A22: Consultas odontológicas | B22: =E22/Premissas!$B$3 -> 3.6585366 | C22: =E22/(Premissas!$B$3/Premissas!$B$4) -> 18.292683 | D22: =E22/Premissas!$B$5 -> 75 | E22: =Premissas!$B$6*Premissas!$B$13 -> 900 | F22: 300 crianças × 3 consultas por ano. Capacidade: 16 vagas por dia.
A23: Xadrez: participações de crianças | B23: =E23/Premissas!$B$3 -> 30 | C23: =E23/(Premissas!$B$3/Premissas!$B$4) -> 150 | D23: =E23/Premissas!$B$5 -> 615 | E23: =Premissas!$B$7*Premissas!$B$15*Premissas!$B$3 -> 7380 | F23: Metade das visitas
A24: Xadrez: aulas de 1 h | B24: =E24/Premissas!$B$3 -> 5 | C24: =E24/(Premissas!$B$3/Premissas!$B$4) -> 25 | D24: =E24/Premissas!$B$5 -> 102.5 | E24: =ROUNDUP(Premissas!$B$7*Premissas!$B$15/Premissas!$B$16,0)*Premissas!$B$3 -> 1230 | F24: Turmas de 6 crianças
A25: Capoeira: participações de crianças | B25: =E25/Premissas!$B$3 -> 30 | C25: =E25/(Premissas!$B$3/Premissas!$B$4) -> 150 | D25: =E25/Premissas!$B$5 -> 615 | E25: =Premissas!$B$7*(1-Premissas!$B$15)*Premissas!$B$3 -> 7380 | F25: Outra metade das visitas
A26: Capoeira: aulas de 1 h | B26: =E26/Premissas!$B$3 -> 3 | C26: =E26/(Premissas!$B$3/Premissas!$B$4) -> 15 | D26: =E26/Premissas!$B$5 -> 61.5 | E26: =ROUNDUP(Premissas!$B$7*(1-Premissas!$B$15)/Premissas!$B$17,0)*Premissas!$B$3 -> 738 | F26: Turmas de 10 crianças
A27: Psicóloga dos pais: sessões individuais de 30 min | B27: =E27/Premissas!$B$3 -> 15 | C27: =E27/(Premissas!$B$3/Premissas!$B$4) -> 75 | D27: =E27/Premissas!$B$5 -> 307.5 | E27: =Premissas!$B$7*Premissas!$B$18*(1-Premissas!$B$19)*Premissas!$B$3 -> 3690 | F27: 1 sessão a cada 2 visitas; metade individual
A28: Psicóloga dos pais: participações em grupo | B28: =E28/Premissas!$B$3 -> 15 | C28: =E28/(Premissas!$B$3/Premissas!$B$4) -> 75 | D28: =E28/Premissas!$B$5 -> 307.5 | E28: =Premissas!$B$7*Premissas!$B$18*Premissas!$B$19*Premissas!$B$3 -> 3690 | F28: Metade em grupo
A29: Psicóloga dos pais: encontros de grupo de 30 min | B29: =E29/Premissas!$B$3 -> 2 | C29: =E29/(Premissas!$B$3/Premissas!$B$4) -> 10 | D29: =E29/Premissas!$B$5 -> 41 | E29: =ROUNDUP(Premissas!$B$7*Premissas!$B$18*Premissas!$B$19/Premissas!$B$20,0)*Premissas!$B$3 -> 492 | F29: Grupos de 8 pais
A30: Oficinas: participações de pais e mães | B30: =E30/Premissas!$B$3 -> 30 | C30: =E30/(Premissas!$B$3/Premissas!$B$4) -> 150 | D30: =E30/Premissas!$B$5 -> 615 | E30: =Premissas!$B$7*(1-Premissas!$B$18)*Premissas!$B$3 -> 7380 | F30: Pais que não estão com a psicóloga na visita. Estimativa; funcionamento a definir.
A31: Oficinas: encontros de 1h30 | B31: =E31/Premissas!$B$3 -> 3 | C31: =E31/(Premissas!$B$3/Premissas!$B$4) -> 15 | D31: =E31/Premissas!$B$5 -> 61.5 | E31: =ROUNDUP(Premissas!$B$7*(1-Premissas!$B$18)/Premissas!$B$21,0)*Premissas!$B$3 -> 738 | F31: Turmas de 10 pessoas. Capacidade: 7 encontros por dia
A32: Total
A33: Total de atendimentos e participações | B33: =E33/Premissas!$B$3 -> 366 | C33: =E33/(Premissas!$B$3/Premissas!$B$4) -> 1830 | D33: =E33/Premissas!$B$5 -> 7503 | E33: =E9+E21+E22+E23+E25+E27+E28+E30 -> 90036 | F33: Terapias + consultas médicas e odontológicas + participações de crianças (xadrez, capoeira) e de pais (psicóloga, oficinas). Não soma aulas e encontros de grupo.
A35: Observações
A36: Os números de terapias por especialidade vêm de pacotes-modelo; quando a triagem mostrar a demanda real, a divisão entre especialidades muda, mas o total de 240 sessões por dia não muda.
A37: Os valores 'por dia' dos serviços que não funcionam todo dia (consultas médicas) são médias; no dia médico são 16 consultas por médico.
A38: Terapias, xadrez, capoeira, psicóloga dos pais e consultas médicas já constam da grade e das abas Médicos e Agenda médica do artefato Instituto Affectus. Odontologia e oficinas são estimativas de demanda.
A39: Crianças de segunda e sexta fazem 48 visitas por ano; as de terça a quinta, 50 (feriados). A diferença é de até 4 sessões por criança no ano.
A40: Pontos ainda abertos: São João (24/06/2027), oficinas, origem dos pacientes e remuneração por turno.

Sheet Premissas
A1: Premissas (azul = informado; pode ser alterado e tudo se recalcula)
A3: Dias de atendimento por ano | B3: 246 | C3: Calendário de Aracaju, jul/2026 a jun/2027 (inclui São João descontado; funcionando seriam 247)
A4: Dias de atendimento por semana | B4: 5 | C4: Segunda a sexta
A5: Meses por ano | B5: 12
A6: Crianças atendidas | B6: 300 | C6: Cenário de 100% de ocupação
A7: Visitas por dia | B7: 60 | C7: Grade comprovada: 60 blocos de visita por dia, 1 criança por bloco e por dia da semana
A8: Sessões de 30 min por visita | B8: 4 | C8: 4 especialidades por criança
A9: Minutos por sessão | B9: 30
A10: Vagas de sessão por sala por dia | B10: 22 | C10: 11 horas úteis ÷ 30 min
A11: Consultas médicas por dia médico | B11: 16 | C11: 30 min, das 8h às 12h e das 13h às 17h
A12: Dias médicos por ano | B12: 36 | C12: 1 dia por mês por médico, 3 médicos
A13: Consultas odontológicas por criança por ano | B13: 3 | C13: Primeira consulta e retornos a cada 4 a 5 meses
A14: Vagas de consulta odontológica por dia | B14: 16 | C14: 1 dentista por dia, 40 min por consulta
A15: Parcela das visitas com xadrez | B15: 0.5 | C15: Xadrez e capoeira alternam a cada visita
A16: Crianças por turma de xadrez | B16: 6
A17: Crianças por turma de capoeira | B17: 10
A18: Parcela das visitas com sessão da psicóloga dos pais | B18: 0.5 | C18: 1 sessão a cada 2 visitas
A19: Parcela das sessões da psicóloga em grupo | B19: 0.5 | C19: Alterna individual e grupo
A20: Pais por grupo da psicóloga | B20: 8
A21: Pais por turma de oficina | B21: 10 | C21: Estimativa; funcionamento das oficinas a definir
